<?xml version="1.0" encoding="UTF-8"?>
<project-private xmlns="http://www.netbeans.org/ns/project-private/1">
    <editor-bookmarks xmlns="http://www.netbeans.org/ns/editor-bookmarks/2" lastBookmarkId="0"/>
    <open-files xmlns="http://www.netbeans.org/ns/projectui-open-files/2">
        <group>
            <file>file:/home/vesprada/repoAccesDades/PracticaPatronsDisenyEdgar/src/modelo/LibroDAO.java</file>
            <file>file:/home/vesprada/repoAccesDades/PracticaPatronsDisenyEdgar/src/controlador/ControladorLibro.java</file>
            <file>file:/home/vesprada/repoAccesDades/PracticaPatronsDisenyEdgar/src/vista/JPSocio.java</file>
        </group>
    </open-files>
</project-private>
